Art;Cat;Foto ALKILA;
Bajo Plato presentación Braid 32 cm;VAJILLA;https://alkila.me/wp-content/uploads/2024/10/IMG_2877-1-scaled.jpg;
Bajo plato presentación classic gold 33 cm.;VAJILLA;https://alkila.me/wp-content/uploads/2024/10/IMG_2819-scaled.jpg;
Bajo plato presentación Cristal filo oro 32 cm;VAJILLA;https://alkila.me/wp-content/uploads/2024/10/plato-grande-scaled.jpg;
Bajo Plato presentación Eternity 32 cm.;VAJILLA;https://alkila.me/wp-content/uploads/2024/10/IMG_2803-1-scaled.jpg;
Bajo plato presentación Infinity negro 32 x 2.5 cm;VAJILLA;https://alkila.me/wp-content/uploads/2025/04/IMG_2831.jpg;
Bajo plato presentación Lustre Anna 32 cm;VAJILLA;https://alkila.me/wp-content/uploads/2024/10/IMG_2855-scaled.jpg;
Bajo plato presentación Malia melamina azul turquesa 33 cm;VAJILLA;https://alkila.me/wp-content/uploads/2024/10/IMG_2884-scaled.jpg;
Bajo plato presentación Ocean Blue 33 cm;VAJILLA;https://alkila.me/wp-content/uploads/2025/04/IMG_2897-scaled.jpg;
Bajo plato presentación Ratán 34 cm;VAJILLA;https://alkila.me/wp-content/uploads/2024/10/IMG_2871-scaled.jpg;
Bajo plato presentación Sasha 32.5 cm;VAJILLA;https://alkila.me/wp-content/uploads/2025/04/IMG_2862-scaled.jpg;
Bajo plato enea blanco vintage;VAJILLA;https://alkila.me/wp-content/uploads/2024/10/IMG_2914-scaled.jpg;
Plato de presentacion Baralee 31 cm;VAJILLA LEELA-BARALEE;https://alkila.me/wp-content/uploads/2025/04/IMG_2960-scaled.jpg;
Plato llano Baralee 27 cm;VAJILLA LEELA-BARALEE;https://alkila.me/wp-content/uploads/2025/04/IMG_2943.jpg;
Plato hondo baralee 23 cm;VAJILLA LEELA-BARALEE;https://alkila.me/wp-content/uploads/2025/04/IMG_2929-scaled.jpg;
Plato de postre Baralee 21 cm;VAJILLA LEELA-BARALEE;https://alkila.me/wp-content/uploads/2025/04/IMG_2960-1-scaled.jpg;
Plato de pan Baralee 16 cm;VAJILLA LEELA-BARALEE;https://alkila.me/wp-content/uploads/2024/10/IMG_2919-scaled.jpg;
Taza café Baralee apilable 20 cl;VAJILLA LEELA-BARALEE;https://alkila.me/wp-content/uploads/2025/04/IMG_6476-scaled.jpg;
Plato cafe Te baralee 16 cm;VAJILLA LEELA-BARALEE;https://alkila.me/wp-content/uploads/2025/04/IMG_6472-scaled.jpg;
Taza apilable moka Baralee 10 cl;VAJILLA LEELA-BARALEE;https://alkila.me/wp-content/uploads/2025/04/IMG_2976-2-scaled.jpg;
Plato moka Baralee 11 cm.;VAJILLA LEELA-BARALEE;https://alkila.me/wp-content/uploads/2025/04/IMG_6468-scaled.jpg;
Plato llano Baralee Coupe 27 cm;VAJILLA LEELA-BARALEE/COUPE;https://alkila.me/wp-content/uploads/2025/04/IMG_3004-scaled.jpg;
Plato Hondo Baralee Coupe 26.5 Cm;VAJILLA LEELA-BARALEE/COUPE;https://alkila.me/wp-content/uploads/2025/04/IMG_2994-scaled.jpg;
Plato Coupe pan Baralee 16 cm;VAJILLA LEELA-BARALEE/COUPE;https://alkila.me/wp-content/uploads/2025/07/IMG_2986-scaled.jpg;
Plato Coupe postre Baralee 21 cm;VAJILLA LEELA-BARALEE/COUPE;https://alkila.me/wp-content/uploads/2025/04/IMG_2960-1-scaled.jpg;
Plato WIDE RIM Optik 29 cm;OPTIK VAJILLA;https://alkila.me/wp-content/uploads/2025/04/IMG_3048-scaled.jpg;
Bol Nouveau Optik 27 cm;OPTIK VAJILLA;https://alkila.me/wp-content/uploads/2025/04/IMG_3033-scaled.jpg;
Plato pan llano Optik 16 cm;OPTIK VAJILLA;https://alkila.me/wp-content/uploads/2024/10/IMG_3048-scaled.jpg;
Taza apilable cortado Optik 17 cl.;OPTIK VAJILLA;https://alkila.me/wp-content/uploads/2025/04/IMG_6464-scaled.jpg;
Platillo café 16.5 Optik cm.;OPTIK VAJILLA;https://alkila.me/wp-content/uploads/2024/10/IMG_3048-scaled.jpg;
Plato presentación royal 29 cm.;ROYAL NEW BONO GOURMET-MADE IN ITALY;https://alkila.me/wp-content/uploads/2025/04/IMG_3082-scaled.jpg;
Plato llano Royal 27 cm.;ROYAL NEW BONO GOURMET-MADE IN ITALY;https://alkila.me/wp-content/uploads/2024/10/IMG_3082-copia-scaled.jpg;
Plato gourmet hondo Royal;ROYAL NEW BONO GOURMET-MADE IN ITALY;https://alkila.me/wp-content/uploads/2025/04/IMG_3065-scaled.jpg;
Plato pan 16 cm royal;ROYAL NEW BONO GOURMET-MADE IN ITALY;https://alkila.me/wp-content/uploads/2024/10/IMG_3056-copia-scaled.jpg;
Taza café Royal 24 cl.;ROYAL NEW BONO GOURMET-MADE IN ITALY;https://alkila.me/wp-content/uploads/2024/10/IMG_6446-scaled.jpg;
Plato café Royal 16 cm.;ROYAL NEW BONO GOURMET-MADE IN ITALY;https://alkila.me/wp-content/uploads/2024/10/IMG_6439-scaled.jpg;
Taza moka Royal 10 cl.;ROYAL NEW BONO GOURMET-MADE IN ITALY;https://alkila.me/wp-content/uploads/2025/04/IMG_6443-scaled.jpg;
Plato moka Royal 11 cm.;ROYAL NEW BONO GOURMET-MADE IN ITALY;https://alkila.me/wp-content/uploads/2025/04/IMG_6439-scaled.jpg;
Plato Presentación Efser 33 cm;VAJILLA EFSER;https://alkila.me/wp-content/uploads/2024/10/IMG_3144-1-scaled.jpg;
Plato llano Efser 28 cm;VAJILLA EFSER;https://alkila.me/wp-content/uploads/2024/10/IMG_3137-scaled.jpg;
Plato hondo Efser 21 cm;VAJILLA EFSER;https://alkila.me/wp-content/uploads/2024/10/IMG_3129-scaled.jpg;
Plato pan Efser 15 cm;VAJILLA EFSER;https://alkila.me/wp-content/uploads/2024/10/IMG_3125-scaled.jpg;
Bol coupe gourmet willow 28.5 cm Gris;VAJILLA WILLOW;https://alkila.me/wp-content/uploads/2024/10/IMG_6393-scaled.jpg;
Bol coupe gourmet willow 28.5 cm Azul;VAJILLA WILLOW;https://alkila.me/wp-content/uploads/2024/10/IMG_3164-1-scaled.jpg;
Plato Llano Coupe Willow 28 Cm Blanco;VAJILLA WILLOW;https://alkila.me/wp-content/uploads/2024/10/IMG_3192-scaled.jpg;
Plato Llano Coupe Willow 28 Cm Azul;VAJILLA WILLOW;https://alkila.me/wp-content/uploads/2025/04/IMG_3172-scaled.jpg;
Plato Llano Willow 28 Cm Gris;VAJILLA WILLOW;https://alkila.me/wp-content/uploads/2025/04/IMG_6402-scaled.jpg;
Plato llano willow 18.5 cm Relieve Central Gris;VAJILLA WILLOW;https://alkila.me/wp-content/uploads/2024/10/IMG_6393-scaled.jpg;
Plato llano willow 18.5 cm Relieve Central Azul;VAJILLA WILLOW;https://alkila.me/wp-content/uploads/2024/10/IMG_3160-1-scaled.jpg;
Taza café apilable willow 21.25 cl Blanco;VAJILLA WILLOW;https://alkila.me/wp-content/uploads/2025/04/taza-girada-scaled.jpg;
Plato cafe willow 15.25 cm Blanco;VAJILLA WILLOW;https://alkila.me/wp-content/uploads/2025/04/IMG_6418-1-scaled.jpg;
Taza moka apilable willow 8.5 cl Blanco;VAJILLA WILLOW;https://alkila.me/wp-content/uploads/2025/04/IMG_6423-scaled.jpg;
Plato moka willow 11.75 cm Blanco;VAJILLA WILLOW;https://alkila.me/wp-content/uploads/2025/04/IMG_6418-scaled.jpg;
Plato llano Scala Patina 29 cm;VILLEROY & BOCH;https://alkila.me/wp-content/uploads/2025/04/IMG_3110-scaled.jpg;
Plato hondo Scala Patina 24 cm;VILLEROY & BOCH;https://alkila.me/wp-content/uploads/2025/04/IMG_3104-scaled.jpg;
Plato postre Scala Patina 27 cm;VILLEROY & BOCH;https://alkila.me/wp-content/uploads/2025/04/IMG_3113-scaled.jpg;
Plato pan Scala Patina 16 cm;VILLEROY & BOCH;https://alkila.me/wp-content/uploads/2024/10/IMG_3101.jpg;
Taza café Scala Patina 22 cl;VILLEROY & BOCH;https://alkila.me/wp-content/uploads/2025/04/IMG_6454-scaled.jpg;
Plato café Scala Patina 16 cm;VILLEROY & BOCH;https://alkila.me/wp-content/uploads/2025/04/IMG_6450-1-scaled.jpg;
Taza moka Scala Patina 9 cl;VILLEROY & BOCH;https://alkila.me/wp-content/uploads/2025/04/IMG_6452-scaled.jpg;
Plato moka Scala Patina 12 cm;VILLEROY & BOCH;https://alkila.me/wp-content/uploads/2025/04/IMG_6450-scaled.jpg;
Bandeja honda marone 8.5 x 2.5 cm;ESPECIALES CÓCTEL;https://alkila.me/wp-content/uploads/2024/10/IMG_3696-scaled.jpg;
Bandeja Melamina Craft Blanca GN 1/2 32.5 x 26.5 cm;ESPECIALES CÓCTEL;https://alkila.me/wp-content/uploads/2024/10/IMG_3922-1-scaled.jpg;
Bandeja Melamina Craft Blanca GN 1/1 53 x 32.5 cm;ESPECIALES CÓCTEL;https://alkila.me/wp-content/uploads/2025/04/IMG_3803-scaled.jpg;
Bandeja Melamina Espiral Blanca GN 1/1 53 x 32.5 cm;ESPECIALES CÓCTEL;https://alkila.me/wp-content/uploads/2025/04/IMG_3797-scaled.jpg;
Bandeja melamina 2/4 blanca 53x18 cm;ESPECIALES CÓCTEL;https://alkila.me/wp-content/uploads/2025/07/IMG_3835-scaled.jpg;
Bandeja Melamina 2/4 gris 53 x 18 cm;ESPECIALES CÓCTEL;https://alkila.me/wp-content/uploads/2025/07/IMG_3839-scaled.jpg;
Bandeja melamina 2/4 negra 53x18 cm;ESPECIALES CÓCTEL;https://alkila.me/wp-content/uploads/2025/07/IMG_3837.jpg;
Bandeja Melamina 2/4 verde 53 x 18 cm;ESPECIALES CÓCTEL;https://alkila.me/wp-content/uploads/2025/07/IMG_3838.jpg;
Bandeja Melamina Blanca Bayahibe GN 1/1 53 x 32.5 x 2.7 Cm;ESPECIALES CÓCTEL;https://alkila.me/wp-content/uploads/2025/04/IMG_3939-scaled.jpg;
Bandeja Melamina Blanca Ottoman GN 1/1 53 x 32.5 x 2.7 Cm;ESPECIALES CÓCTEL;https://alkila.me/wp-content/uploads/2025/04/IMG_3924-2-scaled.jpg;
Bandeja Melamina Blanco Granito GN 1/1 53 x 32 x 1.5 Cm;ESPECIALES CÓCTEL;https://alkila.me/wp-content/uploads/2025/04/IMG_3803-scaled.jpg;
Bandeja Melamina Blanco Granito GN 1/2 32.5 x 26.5 x 1.5 Cm;ESPECIALES CÓCTEL;https://alkila.me/wp-content/uploads/2025/04/IMG_3805-scaled.jpg;
Bandeja Melamina Blanco Granito 0.50 cm x 1.5 Cm;ESPECIALES CÓCTEL;https://alkila.me/wp-content/uploads/2025/04/IMG_3830-scaled.jpg;
Bandeja Melamina Cuadrada 36 X 36 cm (blanca ondulada);ESPECIALES CÓCTEL;https://alkila.me/wp-content/uploads/2024/10/IMG_6566.jpg;
Bandeja Melamina Cuadrada 36 X 36 cm (negro ondulada);ESPECIALES CÓCTEL;4;
Bandeja Melamina Dark Wave Gn 1/1 53 x 32.5 cm;ESPECIALES CÓCTEL;https://alkila.me/wp-content/uploads/2025/04/IMG_3789-scaled.jpg;
Bandeja Melamina Dark Wave Gn 1/2 32.5 x 26.5 cm;ESPECIALES CÓCTEL;https://alkila.me/wp-content/uploads/2025/04/IMG_3790-scaled.jpg;
Bandeja Melamina Dark Wave Gn 2/4 53 x 16.2 cm;ESPECIALES CÓCTEL;https://alkila.me/wp-content/uploads/2024/10/IMG_3791-scaled.jpg;
Bandeja Melamina (efecto madera) redonda 44 cm;ESPECIALES CÓCTEL;https://alkila.me/wp-content/uploads/2025/04/IMG_3827-1-scaled.jpg;
Bandeja Melamina Element GN 1/1 53x 32.5 cm;ESPECIALES CÓCTEL;https://alkila.me/wp-content/uploads/2024/10/IMG_3875-1-scaled.jpg;
Bandeja Melamina Element GN 2/4 53 x 16.2 cm;ESPECIALES CÓCTEL;https://alkila.me/wp-content/uploads/2024/10/IMG_3876-1-scaled.jpg;
Bandeja Melamina Element GN 1/2 32.5 x 26.5 cm;ESPECIALES CÓCTEL;https://alkila.me/wp-content/uploads/2024/10/IMG_3875-1-scaled.jpg;
Bandeja Melamina Gris GN 1/1 53 X 32.5 cm;ESPECIALES CÓCTEL;https://alkila.me/wp-content/uploads/2025/04/000083.jpg;
Bandeja Melamina Imitación Madera 350 cm;ESPECIALES CÓCTEL;https://alkila.me/wp-content/uploads/2025/04/IMG_3853-scaled.jpg;
Bandeja Melamina Marmol GN 1/1 53 x 32 x 1.5 Cm;ESPECIALES CÓCTEL;https://alkila.me/wp-content/uploads/2025/04/IMG_3806-scaled.jpg;
Bandeja melamina Marmol GN 1/2 32.5 x 26.5 x 1.5 Cm;ESPECIALES CÓCTEL;https://alkila.me/wp-content/uploads/2025/04/IMG_3807-scaled.jpg;
Bandeja melamina negra autoservicio 49 x 37 cm;ESPECIALES CÓCTEL;https://alkila.me/wp-content/uploads/2025/04/Bandeja-Autoservicio.jpg;
Bandeja Melamina Negra Bayahibe GN 1/1 53 x 32.5 x 2.7 Cm;ESPECIALES CÓCTEL;https://alkila.me/wp-content/uploads/2025/04/IMG_3933-1.jpg;
Bandeja Melamina Negra Mate 0.50 cm x 1.5 Cm;ESPECIALES CÓCTEL;https://alkila.me/wp-content/uploads/2024/10/melamina-redonda-mate.jpg;
Bandeja Melamina Nero GN 1/1 53 x 32.5 cm;ESPECIALES CÓCTEL;https://alkila.me/wp-content/uploads/2024/10/IMG_3817-scaled.jpg;
Bandeja Melamina Nero GN 1/2 32.5 x 26.5 cm;ESPECIALES CÓCTEL;https://alkila.me/wp-content/uploads/2024/10/IMG_3814-1-scaled.jpg;
Bandeja melamina Roble Claro GN 1/1 53 x 32 x 1.5 Cm;ESPECIALES CÓCTEL;https://alkila.me/wp-content/uploads/2025/04/IMG_3824-scaled.jpg;
Bandeja melamina Roble Claro GN 1/2 32.5 x 26.5 x 1.5 Cm;ESPECIALES CÓCTEL;https://alkila.me/wp-content/uploads/2025/04/IMG_3825-scaled.jpg;
Bandeja melamina simil pizarra 32.5 x 26.5 cm;ESPECIALES CÓCTEL;https://alkila.me/wp-content/uploads/2025/04/IMG_3887-1-scaled.jpg;
Bandeja melamina simil Pizarra GN1/1 53 x 32.5 cm;ESPECIALES CÓCTEL;https://alkila.me/wp-content/uploads/2025/04/IMG_3886-2-scaled.jpg;
Bandeja melamina simil Pizarra asas de acero GN1/1 53 x 32.5 cm;ESPECIALES CÓCTEL;https://alkila.me/wp-content/uploads/2024/10/IMG_3833-scaled.jpg;
Bandeja melamina Stone GN 1/1 53 x 32.5 cm;ESPECIALES CÓCTEL;https://alkila.me/wp-content/uploads/2025/04/IMG_3865-scaled.jpg;
Bandeja melamina Stone GN 1/2 32.5 x 26cm;ESPECIALES CÓCTEL;https://alkila.me/wp-content/uploads/2025/04/IMG_3870-scaled.jpg;
Bandeja melamina Stone GN 2/4 53x 16 cm;ESPECIALES CÓCTEL;https://alkila.me/wp-content/uploads/2025/04/IMG_3867-scaled.jpg;
Bandeja Melamina Timber 44 x 25cm;ESPECIALES CÓCTEL;https://alkila.me/wp-content/uploads/2024/10/IMG_3854-scaled.jpg;
Bandeja Melamina Timber ovalada 65 x 26cm;ESPECIALES CÓCTEL;https://alkila.me/wp-content/uploads/2024/10/Timber-Ovalada.jpg;
Bandeja melamina verde hoja natural 35 X 34 cm;ESPECIALES CÓCTEL;https://alkila.me/wp-content/uploads/2025/04/IMG_3846-scaled.jpg;
Bandeja melamina negra Zen 16.9 x 4 cm;ESPECIALES CÓCTEL;https://alkila.me/wp-content/uploads/2024/10/IMG_3729-1-scaled.jpg;
Bandeja mini c/ asa 8.5 x 6.5 cm;ESPECIALES CÓCTEL;https://alkila.me/wp-content/uploads/2025/04/IMG_3703-scaled.jpg;
Bandeja serv. Buffet-Star GN 1/1 inox 2 pzas. 53 x 32.5 cm;ESPECIALES CÓCTEL;https://alkila.me/wp-content/uploads/2025/04/IMG_3951-scaled.jpg;
Bandeja Sinus blanca 53 x 32.5 cm;ESPECIALES CÓCTEL;https://alkila.me/wp-content/uploads/2024/10/IMG_3811-scaled.jpg;
Bandeja Sinus blanca 53 x 16 cm;ESPECIALES CÓCTEL;https://alkila.me/wp-content/uploads/2025/04/IMG_3813-scaled.jpg;
Bowl cuadrado negro 20 x 20 x 5;ESPECIALES CÓCTEL;https://alkila.me/wp-content/uploads/2025/04/IMG_3761.jpg;
Bowl Cuenco Acero Inoxidable Levante Cobre;ESPECIALES CÓCTEL;https://alkila.me/wp-content/uploads/2024/10/IMG_3663-scaled.jpg;
Bowl Cuenco Acero Inoxidable Levante Negro;ESPECIALES CÓCTEL;https://alkila.me/wp-content/uploads/2024/10/IMG_3662-scaled.jpg;
Bowl Cuenco Melamina Mini 5.5 x 9.5 Gris;ESPECIALES CÓCTEL;https://alkila.me/wp-content/uploads/2024/10/IMG_3723.jpg;
Bowl degustación blanco moderna 7 x 7 cm;ESPECIALES CÓCTEL;https://alkila.me/wp-content/uploads/2025/04/IMG_3678-scaled.jpg;
Bowl degustación negro moderna 7 x 7 cm;ESPECIALES CÓCTEL;https://alkila.me/wp-content/uploads/2024/10/IMG_3677-scaled.jpg;
Bowl hoja banana 11 x 7.5 x 3;ESPECIALES CÓCTEL;https://alkila.me/wp-content/uploads/2024/10/IMG_3744-scaled.jpg;
Bowl Indro 9 x 5 cm;ESPECIALES CÓCTEL;https://alkila.me/wp-content/uploads/2025/04/IMG_3645.jpg;
Bowl mango blanco moderna 8 x 9 cm;ESPECIALES CÓCTEL;https://alkila.me/wp-content/uploads/2025/04/IMG_3697.jpg;
Bowl oval inclinado en melamina negra 3 x 6 x 10 cm;ESPECIALES CÓCTEL;https://alkila.me/wp-content/uploads/2025/04/IMG_3686-scaled.jpg;
Bowl mamba cuadrado melanina negra 10.2 x 10.2 x 3.4 cm;ESPECIALES CÓCTEL;https://alkila.me/wp-content/uploads/2025/04/IMG_3726-1.jpg;
Bowl mamba cuadrado melanina carrara 10.2 x 10.2 x 3 cm;ESPECIALES CÓCTEL;https://alkila.me/wp-content/uploads/2025/04/IMG_3681.jpg;
Bowl ming cuadrado melamina rojo 8 x 8 x 4.5 cm.;ESPECIALES CÓCTEL;https://alkila.me/wp-content/uploads/2024/10/IMG_3752-scaled.jpg;
Bowl mini 85 cc 7.8 x 8.8;ESPECIALES CÓCTEL;https://alkila.me/wp-content/uploads/2024/10/IMG_3704-scaled.jpg;
Bowl mini ps s 8.5 x 4;ESPECIALES CÓCTEL;https://alkila.me/wp-content/uploads/2024/10/IMG_3746.jpg;
Bowl Ming ceramica blanco 13 x 13 x 4.5 cm;ESPECIALES CÓCTEL;https://alkila.me/wp-content/uploads/2025/04/IMG_3734-scaled.jpg;
Bowl Ming hondo 20 x 20 cm;ESPECIALES CÓCTEL;https://alkila.me/wp-content/uploads/2025/04/IMG_3763-scaled.jpg;
Bowl Ming cuadrado grande gris 26 x 26 cm;ESPECIALES CÓCTEL;https://alkila.me/wp-content/uploads/2025/04/IMG_3766-scaled.jpg;
Bowl Plaisir Blanco 1;ESPECIALES CÓCTEL;https://alkila.me/wp-content/uploads/2024/10/IMG_6530.jpg;
Bow! Plaisir Blanco 4;ESPECIALES CÓCTEL;https://alkila.me/wp-content/uploads/2024/10/IMG_6519-scaled.jpg;
Bowl Plaisir Negro 1;ESPECIALES CÓCTEL;https://alkila.me/wp-content/uploads/2024/10/IMG_6526-scaled.jpg;
Bowl Plaisir Negro 3;ESPECIALES CÓCTEL;https://alkila.me/wp-content/uploads/2024/10/IMG_6525.jpg;
Bowl práctica 10 cm;ESPECIALES CÓCTEL;https://alkila.me/wp-content/uploads/2024/10/IMG_3652-scaled.jpg;
Bowl Quartier mini cascada melamina blanco 10 x 9.8 cm;ESPECIALES CÓCTEL;https://alkila.me/wp-content/uploads/2024/10/IMG_3707-scaled.jpg;
Bowl redondo musacea 10.5 x 3;ESPECIALES CÓCTEL;https://alkila.me/wp-content/uploads/2024/10/IMG_3750-scaled.jpg;
Bowl twir cuadrado blanco 10 cm;ESPECIALES CÓCTEL;https://alkila.me/wp-content/uploads/2025/04/IMG_3731-1.jpg;
Bowl Vidrio Relieve 16 Cm;ESPECIALES CÓCTEL;https://alkila.me/wp-content/uploads/2024/10/IMG_3434-scaled.jpg;
Bowl wavy moderna 11.5 x 7 cm;ESPECIALES CÓCTEL;https://alkila.me/wp-content/uploads/2025/04/IMG_3699-scaled.jpg;
Bowl Negro Ahumado 20 x 6 cm;ESPECIALES CÓCTEL;https://alkila.me/wp-content/uploads/2024/10/IMG_3444-scaled.jpg;
Caja madera PEQUEÑA 25 x 12 x 5 cm (croquetas);ESPECIALES CÓCTEL;https://alkila.me/wp-content/uploads/2025/04/IMG_3768-scaled.jpg;
Caja madera MEDIANA 34 x 12 x 7 cm (croquetas);ESPECIALES CÓCTEL;https://alkila.me/wp-content/uploads/2025/04/IMG_3769-scaled.jpg;
Caja madera GRANDE 35 x 23 x 8 cm grande yogurt;ESPECIALES CÓCTEL;https://alkila.me/wp-content/uploads/2025/04/IMG_3770-scaled.jpg;
Cajon metacrilato para caja de 35 x 23 x 8 cm;ESPECIALES CÓCTEL;https://alkila.me/wp-content/uploads/2025/04/000135.jpg;
Cazo de aluminio Mango 16 cm. All Black;ESPECIALES CÓCTEL;https://alkila.me/wp-content/uploads/2025/04/000136.jpg;
Cazuela aperitivo loza 12 cm diametro;ESPECIALES CÓCTEL;https://alkila.me/wp-content/uploads/2025/04/IMG_3721.jpg;
Cazuela mini catering 7 cm;ESPECIALES CÓCTEL;4;
Cuchara degustación acero inoxidable;ESPECIALES CÓCTEL;https://alkila.me/wp-content/uploads/2024/10/IMG_3737.jpg;
Cuchara melamina blanca 15 cm;ESPECIALES CÓCTEL;https://alkila.me/wp-content/uploads/2024/10/IMG_3712-2.jpg;
Cuchara melamina gris 15 cm;ESPECIALES CÓCTEL;https://alkila.me/wp-content/uploads/2024/10/IMG_3714-2-scaled.jpg;
Cuchara melamina negra 15 cm;ESPECIALES CÓCTEL;https://alkila.me/wp-content/uploads/2025/04/IMG_3718-2-scaled.jpg;
Cuchara melamina naranja 15 cm;ESPECIALES CÓCTEL;https://alkila.me/wp-content/uploads/2024/10/IMG_3715-2-scaled.jpg;
Cuchara melamina verde 15 cm;ESPECIALES CÓCTEL;https://alkila.me/wp-content/uploads/2024/10/IMG_3716-2-scaled.jpg;
Cuenco Acero Inox Negro 6 x 6 Cm;ESPECIALES CÓCTEL;https://alkila.me/wp-content/uploads/2024/10/IMG_3660-1.jpg;
Cuenco Acero Inox Rojo 6 x 6 cm;ESPECIALES CÓCTEL;https://alkila.me/wp-content/uploads/2024/10/IMG_3659.jpg;
Fuente Baguette 33 x 10 cm;ESPECIALES CÓCTEL;https://alkila.me/wp-content/uploads/2025/04/IMG_3861-scaled.jpg;
Fuente Degustación 25.5 x 13 cm;ESPECIALES CÓCTEL;https://alkila.me/wp-content/uploads/2024/10/IMG_3862-scaled.jpg;
Fuente Craft UNO BLANCA Rect 27 x 16.75 cm;ESPECIALES CÓCTEL;https://alkila.me/wp-content/uploads/2025/04/IMG_3906-scaled.jpg;
Fuente blanca GN 1/1 53 x 32.5 cm;ESPECIALES CÓCTEL;https://alkila.me/wp-content/uploads/2025/04/IMG_3965-scaled.jpg;
Fuente blanca GN 1/2 26.5 x 32.5 cm;ESPECIALES CÓCTEL;https://alkila.me/wp-content/uploads/2025/04/IMG_3925-scaled.jpg;
Fuente Marfil rect. 29 x 15cm;ESPECIALES CÓCTEL;https://alkila.me/wp-content/uploads/2025/04/IMG_3910-scaled.jpg;
Fuente melamina verde hoja natural 52 x 25 cm;ESPECIALES CÓCTEL;https://alkila.me/wp-content/uploads/2025/04/IMG_3844-scaled.jpg;
Mini Lechera Inox Snackholder 4.5 x 4.5 Cm;ESPECIALES CÓCTEL;https://alkila.me/wp-content/uploads/2025/04/IMG_3692.jpg;
Vaso de Porcelana 4.5 x 5.5 cm.;ESPECIALES CÓCTEL;4;
Pasamanos acero para bolitas de queso Mars 27 X 27 cm;ESPECIALES CÓCTEL;4;
Pasamanos bandeja madera 30 x 14 cm.;ESPECIALES CÓCTEL;4;
Pasamanos Melamina tipo puente 35 x 15 cm;ESPECIALES CÓCTEL;https://alkila.me/wp-content/uploads/2025/04/IMG_3913.jpg;
Plato Basalt Steak 33 x 24 cm.;ESPECIALES CÓCTEL;4;
Plato Black Stone 25.1 x 2.1 cm;ESPECIALES CÓCTEL;https://alkila.me/wp-content/uploads/2025/04/IMG_3210-scaled.jpg;
Plato cerámica para pan cuadrado 10x10 cm;ESPECIALES CÓCTEL;https://alkila.me/wp-content/uploads/2025/04/IMG_6483-scaled.jpg;
Plato cristal para pan 12 cm;ESPECIALES CÓCTEL;https://alkila.me/wp-content/uploads/2025/04/000162-scaled.jpg;
Plato Costa Nova Roda Iris 16 cm;ESPECIALES CÓCTEL;https://alkila.me/wp-content/uploads/2025/04/IMG_3203-scaled.jpg;
Plato degustación apiari degust grande 22 x 22 cm.;ESPECIALES CÓCTEL;https://alkila.me/wp-content/uploads/2025/04/IMG_3756-scaled.jpg;
Plato hondo cristal 27 cm;ESPECIALES CÓCTEL;https://alkila.me/wp-content/uploads/2024/10/IMG_3233-scaled.jpg;
Plato Hondo Gourmet Negro 29.7 cm.;ESPECIALES CÓCTEL;https://alkila.me/wp-content/uploads/2025/04/IMG_3264-scaled.jpg;
Plato hondo gourmet prime ariane 29 cm;ESPECIALES CÓCTEL;https://alkila.me/wp-content/uploads/2024/10/IMG_3246-scaled.jpg;
Plato hondo Gourmet prime ariane terra 28 cm;ESPECIALES CÓCTEL;https://alkila.me/wp-content/uploads/2025/04/IMG_3267-scaled.jpg;
Plato hondo pres porc prime a'bordo 29 cm;ESPECIALES CÓCTEL;https://alkila.me/wp-content/uploads/2025/04/IMG_3239-1-scaled.jpg;
"Plato Llano Blossom 27 Cm ""Irregular""";ESPECIALES CÓCTEL;https://alkila.me/wp-content/uploads/2025/04/IMG_3294-scaled.jpg;
Plato llano blur brillo 26 cm;ESPECIALES CÓCTEL;https://alkila.me/wp-content/uploads/2025/04/IMG_3282-scaled.jpg;
Plato llano redondo blanco pura sangre 32 cm;ESPECIALES CÓCTEL;https://alkila.me/wp-content/uploads/2025/04/IMG_3301-scaled.jpg;
Plato The Reserve llano negro 25 cm.;ESPECIALES CÓCTEL;https://alkila.me/wp-content/uploads/2025/04/IMG_3224-scaled.jpg;
"Plato The Rock White 25 Cm ""Rugoso""";ESPECIALES CÓCTEL;https://alkila.me/wp-content/uploads/2025/04/IMG_3289-scaled.jpg;
Plato Pan filo dorado 15 cm;ESPECIALES CÓCTEL;https://alkila.me/wp-content/uploads/2024/10/plato-pan-scaled.jpg;
Plato pasta (eurodra) 27.5 cm. Hueco 14.5 cm;ESPECIALES CÓCTEL;https://alkila.me/wp-content/uploads/2025/04/IMG_3065-1-scaled.jpg;
Plato pizarra redondo 25 cm;ESPECIALES CÓCTEL;https://alkila.me/wp-content/uploads/2024/10/IMG_3851-scaled.jpg;
Sartén blanca moderna 10 x 6 cm;ESPECIALES CÓCTEL;https://alkila.me/wp-content/uploads/2025/04/IMG_3690.jpg;
Sartén negra moderna 10 x 6 cm;ESPECIALES CÓCTEL;https://alkila.me/wp-content/uploads/2024/10/IMG_3688.jpg;
Sartén Expert 28 cm Alum 4 mm.;ESPECIALES CÓCTEL;https://alkila.me/wp-content/uploads/2025/04/000608.png;
Cuencos Melamina Moon de 8 x 7.5 Cm Gris;ESPECIALES CÓCTEL;https://alkila.me/wp-content/uploads/2024/10/IMG_3666.jpg;
Cuencos Melamina Moon de 8 x 7.5 Cm Negro;ESPECIALES CÓCTEL;https://alkila.me/wp-content/uploads/2024/10/IMG_3665.jpg;
Soporte bandeja perforado 53 x 53 x 0.6 cm (buffet star) (Metacrilato);ESPECIALES CÓCTEL;4;
Soporte buffet star 33260 pequeño 15 x 15 x 9 cm;ESPECIALES CÓCTEL;https://alkila.me/wp-content/uploads/2025/04/IMG_3603-Peque.jpg;
Soporte buffet star 33261 mediano 15 x 15 x 12 cm;ESPECIALES CÓCTEL;https://alkila.me/wp-content/uploads/2025/04/IMG_3603-Mediano.jpg;
Soporte buffet star 33262 grande 15 x 15 x 18 cm;ESPECIALES CÓCTEL;https://alkila.me/wp-content/uploads/2025/04/IMG_3603-Grande.jpg;
Soporte Expositor Buffet 10 Cm;ESPECIALES CÓCTEL;https://alkila.me/wp-content/uploads/2025/04/000186.jpg;
Soporte Expositor Buffet 20 Cm;ESPECIALES CÓCTEL;https://alkila.me/wp-content/uploads/2025/04/000187.jpg;
Soporte Expositor Buffet 30 Cm;ESPECIALES CÓCTEL;https://alkila.me/wp-content/uploads/2025/04/000188.jpg;
Soporte para tacos mexicanos;ESPECIALES CÓCTEL;https://alkila.me/wp-content/uploads/2024/10/IMG_3894-scaled.jpg;
Tarro 80 MI 06Cm S/ Tapa;ESPECIALES CÓCTEL;https://alkila.me/wp-content/uploads/2024/10/IMG_3649.jpg;
Taza ceramica blanca 30 cl 8.7 x 10 cm;ESPECIALES CÓCTEL;https://alkila.me/wp-content/uploads/2025/04/000191.jpg;
Vaso Eskale 9 Cl;ESPECIALES CÓCTEL;https://alkila.me/wp-content/uploads/2025/04/IMG_3641-scaled.jpg;
Soporte Inox para conos 51x15(canutillos);ESPECIALES CÓCTEL;https://alkila.me/wp-content/uploads/2024/10/IMG_3888-scaled.jpg;
Cuchara mesa Avanguardia;MOD. AVANGUARDIA-;https://alkila.me/wp-content/uploads/2024/10/IMG_3421-scaled.jpg;
Cuchillo mesa Avanguardia;MOD. AVANGUARDIA-;https://alkila.me/wp-content/uploads/2024/10/IMG_3421-scaled.jpg;
Tenedor mesa Avanguardia;MOD. AVANGUARDIA-;https://alkila.me/wp-content/uploads/2024/10/IMG_3421-scaled.jpg;
Cuchara postre Avanguardia;MOD. AVANGUARDIA-;https://alkila.me/wp-content/uploads/2024/10/IMG_3421-scaled.jpg;
Cuchillo postre Avanguardia;MOD. AVANGUARDIA-;https://alkila.me/wp-content/uploads/2024/10/IMG_3421-scaled.jpg;
Tenedor postre Avanguardia;MOD. AVANGUARDIA-;https://alkila.me/wp-content/uploads/2024/10/IMG_3421-scaled.jpg;
Pala pescado Avanguardia;MOD. AVANGUARDIA-;https://alkila.me/wp-content/uploads/2024/10/IMG_3402-scaled.jpg;
Tenedor pescado Avanguardia;MOD. AVANGUARDIA-;https://alkila.me/wp-content/uploads/2024/10/IMG_3421-scaled.jpg;
Cuchara café Avanguardia;MOD. AVANGUARDIA-;https://alkila.me/wp-content/uploads/2025/04/000202-scaled.jpg;
Cuchara moka Avanguardia;MOD. AVANGUARDIA-;https://alkila.me/wp-content/uploads/2025/04/IMG_3428-scaled.jpg;
Cuchara mesa Boheme;MOD. BOHEME-;https://alkila.me/wp-content/uploads/2025/04/IMG_3394-scaled.jpg;
Cuchillo mesa Boheme;MOD. BOHEME-;https://alkila.me/wp-content/uploads/2024/10/IMG_3394-scaled.jpg;
Tenedor mesa Boheme;MOD. BOHEME-;https://alkila.me/wp-content/uploads/2024/10/IMG_3394-scaled.jpg;
Cuchara postre Boheme;MOD. BOHEME-;https://alkila.me/wp-content/uploads/2025/04/IMG_3394-scaled.jpg;
Cuchillo postre Boheme;MOD. BOHEME-;https://alkila.me/wp-content/uploads/2025/04/IMG_3394-2-scaled.jpg;
Tenedor postre Boheme;MOD. BOHEME-;https://alkila.me/wp-content/uploads/2025/04/IMG_3394-2-scaled.jpg;
Pala pescado Boheme;MOD. BOHEME-;https://alkila.me/wp-content/uploads/2025/04/IMG_3394-2-scaled.jpg;
Tenedor pescado Boheme;MOD. BOHEME-;https://alkila.me/wp-content/uploads/2025/04/IMG_3394-2-scaled.jpg;
Cuchara café Boheme;MOD. BOHEME-;https://alkila.me/wp-content/uploads/2024/10/IMG_3394-scaled.jpg;
Cuchara moka Boheme;MOD. BOHEME-;https://alkila.me/wp-content/uploads/2025/04/IMG_3394-1-scaled.jpg;
Cuchara mesa Atlas;MOD. ATLAS;;
Cuchillo mesa Atlas;MOD. ATLAS;;
Tenedor mesa Atlas;MOD. ATLAS;;
Cuchara postre Atlas;MOD. ATLAS;;
Cuchillo postre Atlas;MOD. ATLAS;;
Tenedor postre Atlas;MOD. ATLAS;;
Pala pescado Atlas;MOD. ATLAS;;
Tenedor pescado Atlas;MOD. ATLAS;;
Cuchillo Steak Tura Atlas;MOD. ATLAS;;
Cuchara cafe 14 cm. Atlas;MOD. ATLAS;;
Cuchara moka Atlas;MOD. ATLAS;;
Cuchara Mesa Ellade;ELLADE - Pinti Italy;https://alkila.me/wp-content/uploads/2024/10/IMG_3413-scaled.jpg;
Cuchillo Mesa Ellade;ELLADE - Pinti Italy;https://alkila.me/wp-content/uploads/2024/10/IMG_3413-scaled.jpg;
Tenedor Mesa Ellade;ELLADE - Pinti Italy;https://alkila.me/wp-content/uploads/2024/10/IMG_3413-scaled.jpg;
Cuchara Postre Ellade;ELLADE - Pinti Italy;https://alkila.me/wp-content/uploads/2024/10/IMG_3413-scaled.jpg;
Cuchillo Postre Ellade;ELLADE - Pinti Italy;https://alkila.me/wp-content/uploads/2025/04/000229-scaled.jpg;
Tenedor Postre Ellade;ELLADE - Pinti Italy;https://alkila.me/wp-content/uploads/2025/04/000230-scaled.jpg;
Pala Pescado Ellade;ELLADE - Pinti Italy;https://alkila.me/wp-content/uploads/2025/04/000231-scaled.jpg;
Tenedor Pescado Ellade;ELLADE - Pinti Italy;https://alkila.me/wp-content/uploads/2025/04/IMG_3413-scaled.jpg;
Cuchara Café Ellade;ELLADE - Pinti Italy;https://alkila.me/wp-content/uploads/2025/04/000233-scaled.jpg;
Cuchara Moka Ellade;ELLADE - Pinti Italy;https://alkila.me/wp-content/uploads/2025/04/000234-scaled.jpg;
Cuchara Mesa Oro Ice;MOD. LINEA - ORO ICE -;https://alkila.me/wp-content/uploads/2024/10/IMG_3402-scaled.jpg;
Cuchillo Mesa Oro Ice;MOD. LINEA - ORO ICE -;https://alkila.me/wp-content/uploads/2024/10/IMG_3402-scaled.jpg;
Tenedor Mesa Oro Ice;MOD. LINEA - ORO ICE -;https://alkila.me/wp-content/uploads/2024/10/IMG_3402-scaled.jpg;
Cuchara Postre Oro Ice;MOD. LINEA - ORO ICE -;https://alkila.me/wp-content/uploads/2024/10/IMG_3402-scaled.jpg;
Cuchillo Postre Oro Ice;MOD. LINEA - ORO ICE -;https://alkila.me/wp-content/uploads/2024/10/IMG_3402-scaled.jpg;
Tenedor Postre Oro Ice;MOD. LINEA - ORO ICE -;https://alkila.me/wp-content/uploads/2024/10/IMG_3402-scaled.jpg;
Pala Pescado Oro Ice;MOD. LINEA - ORO ICE -;https://alkila.me/wp-content/uploads/2024/10/IMG_3402-scaled.jpg;
Tenedor Pescado Oro Ice;MOD. LINEA - ORO ICE -;https://alkila.me/wp-content/uploads/2024/10/IMG_3402-scaled.jpg;
Cuchara Moka Oro Ice;MOD. LINEA - ORO ICE -;https://alkila.me/wp-content/uploads/2025/04/000243-scaled.jpg;
Cuchillo chuletero hotel Inox Perfect;MOD. HOTEL;https://alkila.me/wp-content/uploads/2025/04/000244-scaled.jpg;
Tenedor mesa modelo Hotel;MOD. HOTEL;https://alkila.me/wp-content/uploads/2025/04/000245.jpg;
Tenedor pequeño modelo hotel;MOD. HOTEL;https://alkila.me/wp-content/uploads/2025/04/000246-scaled.jpg;
Tenedor Mini modelo hotel;MOD. HOTEL;https://alkila.me/wp-content/uploads/2025/04/000247-scaled.jpg;
Cuchara cafe modelo hotel;MOD. HOTEL;https://alkila.me/wp-content/uploads/2025/04/000248.jpg;
Cuchara Moka modelo Hotel (mini);MOD. HOTEL;https://alkila.me/wp-content/uploads/2025/04/000249.jpg;
Cuchillo Chuletero Alps;Cuchillos chuleteros;https://alkila.me/wp-content/uploads/2025/04/000250.png;
Cazo servir sopa Aloa;Varios;https://alkila.me/wp-content/uploads/2025/04/000251.jpg;
Cuchara Postre Austin Dorado;Varios;https://alkila.me/wp-content/uploads/2025/04/IMG_3376-scaled.jpg;
Cuchara servir Aloa;Varios;https://alkila.me/wp-content/uploads/2025/04/IMG_3997-2-scaled.jpg;
Tenedor servir Aloa;Varios;https://alkila.me/wp-content/uploads/2025/04/IMG_3993-scaled.jpg;
Pala tarta Sevilla;Varios;https://alkila.me/wp-content/uploads/2025/04/IMG_3994.jpg;
Pinza hielo muelle inox;Varios;https://alkila.me/wp-content/uploads/2024/10/000256.jpg;
Pinza pasta Luxe;Varios;https://alkila.me/wp-content/uploads/2025/04/000257.jpg;
Pinza Reposteria inox con anillas;Varios;https://alkila.me/wp-content/uploads/2025/04/000258.jpg;
Copa Amaretto 7 Cl;CRISTALERIA;https://alkila.me/wp-content/uploads/2025/04/IMG_3622-scaled.jpg;
Botella Bystro 1 L.;CRISTALERIA;https://alkila.me/wp-content/uploads/2024/10/IMG_3656-scaled.jpg;
Botella Ypsilon 1 L.;CRISTALERIA;https://alkila.me/wp-content/uploads/2024/10/IMG_3742-scaled.jpg;
Copa cava Belen 12 cl;CRISTALERIA;https://alkila.me/wp-content/uploads/2025/04/IMG_3542-scaled.jpg;
Copa Belen 18 cl;CRISTALERIA;https://alkila.me/wp-content/uploads/2024/10/IMG_3596-scaled.jpg;
Copa Belen 24 cl;CRISTALERIA;https://alkila.me/wp-content/uploads/2025/04/IMG_3534-scaled.jpg;
Copa Bora Medium 39 cl.;CRISTALERIA;https://alkila.me/wp-content/uploads/2024/10/IMG_3567-scaled.jpg;
Copa catavinos 15.5 cl.;CRISTALERIA;https://alkila.me/wp-content/uploads/2025/04/IMG_6556-scaled.jpg;
Copa Cava Optic Bohemia 26 C1;CRISTALERIA;https://alkila.me/wp-content/uploads/2024/10/IMG_3529-scaled.jpg;
Copa cava Fenix 24.4 cl.;CRISTALERIA;https://alkila.me/wp-content/uploads/2024/10/IMG_3588-scaled.jpg;
copa cava Princesa 22 cl.;CRISTALERIA;https://alkila.me/wp-content/uploads/2025/04/IMG_3570-scaled.jpg;
Copa Espumoso 17 cl;CRISTALERIA;https://alkila.me/wp-content/uploads/2024/10/IMG_3565-scaled.jpg;
Copa Executive cerveza 39 cl.;CRISTALERIA;https://alkila.me/wp-content/uploads/2024/10/IMG_6513-scaled.jpg;
Copa filo de oro cava 15 Cl;CRISTALERIA;https://alkila.me/wp-content/uploads/2025/04/IMG_3556-scaled.jpg;
Copa filo de oro 33 cl;CRISTALERIA;https://alkila.me/wp-content/uploads/2025/04/IMG_3554-scaled.jpg;
Copa filo de oro 23 cl;CRISTALERIA;https://alkila.me/wp-content/uploads/2024/10/1001-scaled.jpg;
Copa Havana Vicrila 62 cl.;CRISTALERIA;https://alkila.me/wp-content/uploads/2024/10/IMG_6533-scaled.jpg;
Copa Champagne Coupe 24 cl. harmony;CRISTALERIA;https://alkila.me/wp-content/uploads/2025/06/IMG_3616-scaled.jpg;
Copa Imperial 65 cl.;CRISTALERIA;https://alkila.me/wp-content/uploads/2024/10/000277.png;
Copa Ivento 34.9 cl;CRISTALERIA;https://alkila.me/wp-content/uploads/2024/10/IMG_3559-scaled.jpg;
Copa Ivento 50.6 cl;CRISTALERIA;https://alkila.me/wp-content/uploads/2024/10/IMG_3561-1-scaled.jpg;
Copa Ivento 63.3 cl;CRISTALERIA;https://alkila.me/wp-content/uploads/2024/10/IMG_3562-scaled.jpg;
Copa Margarita 26 cl;CRISTALERIA;https://alkila.me/wp-content/uploads/2024/10/IMG_3613-scaled.jpg;
Copa Mediterranea Morada 37.5 el.;CRISTALERIA;https://alkila.me/wp-content/uploads/2024/10/IMG_3464-scaled.jpg;
Copa Merlot de vino Tensionada 31 cl.;CRISTALERIA;https://alkila.me/wp-content/uploads/2024/10/IMG_6542-scaled.jpg;
Copa Optic Bohemia 40 Cl;CRISTALERIA;https://alkila.me/wp-content/uploads/2024/10/IMG_3517-scaled.jpg;
Copa Optic Bohemia 50 Cl;CRISTALERIA;https://alkila.me/wp-content/uploads/2024/10/IMG_3528-scaled.jpg;
Copa verde ritual 22 cl;CRISTALERIA;https://alkila.me/wp-content/uploads/2024/10/IMG_3460-scaled.jpg;
Copa Ypsilon cocktail 14 cl. (14 cm altura abertura 9 cm);CRISTALERIA;https://alkila.me/wp-content/uploads/2024/10/copa-martini-peque-2.jpg;
Copa Ypsilon cocktail 24.5 cl.;CRISTALERIA;https://alkila.me/wp-content/uploads/2024/10/copa-martini-grande-2.jpg;
Decantador alavin 1.7 litros c/base acrilico;CRISTALERIA;4;
Decantador Kadafe;CRISTALERIA;4;
Jarra cristal casablanca 1.31;CRISTALERIA;https://alkila.me/wp-content/uploads/2025/04/IMG_3658-scaled.jpg;
Vaso Borosilicato 20 cl. 6.5 x 9.5 cm. Apollo;CRISTALERIA;https://alkila.me/wp-content/uploads/2024/10/000291.jpg;
Vaso Diamond bajo azul 39 cl;CRISTALERIA;https://alkila.me/wp-content/uploads/2024/10/IMG_3470-scaled.jpg;
Vaso Ducale azul 49 cl.;CRISTALERIA;https://alkila.me/wp-content/uploads/2024/10/IMG_3492-scaled.jpg;
Vaso flor gris 30 cl.;CRISTALERIA;https://alkila.me/wp-content/uploads/2024/10/IMG_3474-scaled.jpg;
Vaso flor morado 30 cl.;CRISTALERIA;https://alkila.me/wp-content/uploads/2024/10/IMG_3477-Edit.jpg;
Vaso Gobelet Allegro Violeta 29 cl;CRISTALERIA;https://alkila.me/wp-content/uploads/2024/10/IMG_3498-scaled.jpg;
Vaso Gobelet Dolce Violeta 43 cl;CRISTALERIA;https://alkila.me/wp-content/uploads/2024/10/IMG_3501-Edit-scaled.jpg;
Vaso Islande licor 6 cl.;CRISTALERIA;https://alkila.me/wp-content/uploads/2024/10/IMG_3648-scaled.jpg;
Vaso Conic licor 5.5 cl.;CRISTALERIA;https://alkila.me/wp-content/uploads/2024/10/IMG_3634.jpg;
Vaso Fb Optic Bohemia 35 Cl;CRISTALERIA;https://alkila.me/wp-content/uploads/2025/04/IMG_3580-scaled.jpg;
Vaso pinta tensionado Vicrila 36 cl.;CRISTALERIA;https://alkila.me/wp-content/uploads/2024/10/IMG_6539-1-scaled.jpg;
Vaso Sevilla 25 cl;CRISTALERIA;https://alkila.me/wp-content/uploads/2025/04/IMG_3994.jpg;
Vaso sidra tensionado Vicrila 50 cl.;CRISTALERIA;https://alkila.me/wp-content/uploads/2024/10/IMG_6541-1-scaled.jpg;
Vaso Syrah 47 cl. Tensionado;CRISTALERIA;https://alkila.me/wp-content/uploads/2024/10/IMG_3490-scaled.jpg;
Vaso Tallado Dof Hobstar 35 cl;CRISTALERIA;https://alkila.me/wp-content/uploads/2024/10/IMG_3624-1-scaled.jpg;
Vaso Tallado Alto Dof Hobstar 47 cl;CRISTALERIA;https://alkila.me/wp-content/uploads/2024/10/IMG_3626-scaled.jpg;
Vaso Tivoli (long drink) 58 c;CRISTALERIA;https://alkila.me/wp-content/uploads/2024/10/IMG_6552-scaled.jpg;
Vaso tubo 33 cl;CRISTALERIA;https://alkila.me/wp-content/uploads/2024/10/IMG_6550-scaled.jpg;
Vaso Tuscany Ambar 25 cl.;CRISTALERIA;https://alkila.me/wp-content/uploads/2024/10/IMG_3454-scaled.jpg;
Vaso Tuscany Azul 25 cl.;CRISTALERIA;https://alkila.me/wp-content/uploads/2024/10/IMG_3455.jpg;
Vaso Whisky Aiala 38 cl.;CRISTALERIA;https://alkila.me/wp-content/uploads/2024/10/IMG_6545-scaled.jpg;
Vaso Zurito (Chiquito) tensionado vicrila 23 el;CRISTALERIA;https://alkila.me/wp-content/uploads/2024/10/IMG_3644-scaled.jpg;
Vaso verde Arpege 35 cl;CRISTALERIA;https://alkila.me/wp-content/uploads/2025/04/IMG_3495-scaled.jpg;
Vaso vidrio dorado mate 36 cl.;CRISTALERIA;https://alkila.me/wp-content/uploads/2024/10/IMG_3484-scaled.jpg;
Vaso vidrio negro mate 36 cL.;CRISTALERIA;https://alkila.me/wp-content/uploads/2024/10/IMG_3482.jpg;
Vaso vidrio rojo mate 36 cl;CRISTALERIA;https://alkila.me/wp-content/uploads/2024/10/IMG_3483-scaled.jpg;
Arcón congelador Sontec PRO A+ 352 litros;MAQUINARIA;https://alkila.me/wp-content/uploads/2025/04/000317.jpg;
Armario frigorifico inox 400 L..;MAQUINARIA;https://alkila.me/wp-content/uploads/2025/04/000318.jpg;
Armario frigorifico 10 bandejas 1/1;MAQUINARIA;https://alkila.me/wp-content/uploads/2025/04/000319.jpg;
Carro Refrigerado 2/1 17 Guias;MAQUINARIA;https://alkila.me/wp-content/uploads/2024/10/000320.jpg;
Baño Maria eléctrico GN 1/1 24 L.;MAQUINARIA;https://alkila.me/wp-content/uploads/2025/04/000321.jpg;
Barbacoa Mediana con Ascuador;MAQUINARIA;https://alkila.me/wp-content/uploads/2025/04/000323.jpg;
Barbacoa pequeña;MAQUINARIA;https://alkila.me/wp-content/uploads/2024/10/000322-scaled.jpg;
Barbacoa mediana metálica de 1000 X 500;MAQUINARIA;https://alkila.me/wp-content/uploads/2025/04/000323.jpg;
Botellero 2 puertas 170 L;MAQUINARIA;https://alkila.me/wp-content/uploads/2025/04/000324.jpg;
Carro caliente CCB10 GN 2/1 230 W;MAQUINARIA;https://alkila.me/wp-content/uploads/2025/04/000325.jpg;
Carro caliente CCB20 GN 2/1 230 W;MAQUINARIA;https://alkila.me/wp-content/uploads/2025/04/000326.jpg;
Chafing dish GN 1/1 Inox;MAQUINARIA;https://alkila.me/wp-content/uploads/2024/10/000327.jpg;
Gel de Alcohol;MAQUINARIA;4;
Cocina a gas de sobremesa 2 fuegos;MAQUINARIA;https://alkila.me/wp-content/uploads/2024/10/000328.jpg;
Freidora eléctrica 8 litros;MAQUINARIA;https://alkila.me/wp-content/uploads/2025/04/000329.jpg;
Gofrera 1 x 1300 Watt;MAQUINARIA;https://alkila.me/wp-content/uploads/2024/10/000330.jpg;
Granizadora doble modelo max-122 doble cúpula 12+12 L.;MAQUINARIA;https://alkila.me/wp-content/uploads/2024/10/000331.jpg;
Horno Mixto Eléctrico 5.2 kw.;MAQUINARIA;https://alkila.me/wp-content/uploads/2025/04/000332.jpg;
Homo conveccion pastelería 3.35 KW;MAQUINARIA;https://alkila.me/wp-content/uploads/2025/04/000333.jpg;
Horno pizza una puerta 6 pizzas;MAQUINARIA;https://alkila.me/wp-content/uploads/2025/04/000334.jpg;
Horno pizza dos puertas cámara 12 pizzas;MAQUINARIA;https://alkila.me/wp-content/uploads/2025/04/000335.jpg;
Lampara calentadora buffet;MAQUINARIA;https://alkila.me/wp-content/uploads/2024/10/000336.jpg;
Lavamanos registrable con pedestal y pulsador con toma de agua;MAQUINARIA;https://alkila.me/wp-content/uploads/2025/04/000337.jpg;
Lavamanos registrable con pedestal y pulsador autónomos;MAQUINARIA;https://alkila.me/wp-content/uploads/2025/04/000338.jpg;
Garrafa plástico lavamanos autom;MAQUINARIA;4;
Maquina de Algodón 52 cm con carrito y cobertura;MAQUINARIA;https://alkila.me/wp-content/uploads/2024/10/000340.jpg;
Maquina café automatica de 2.1 kw 20 x 36 x 41 cm;MAQUINARIA;https://alkila.me/wp-content/uploads/2025/04/000341.jpg;
Máquina de café Queen Grande;MAQUINARIA;https://alkila.me/wp-content/uploads/2025/04/000342.png;
Maquina de perritos calientes con pinchos;MAQUINARIA;https://alkila.me/wp-content/uploads/2024/10/000343.jpg;
Carrito de palomitas;MAQUINARIA;4;
Fuente de chocolate fondant;MAQUINARIA;https://alkila.me/wp-content/uploads/2024/10/000345.jpg;
Mesa de trabajo mural acero inox 1200x600x850 mm;MAQUINARIA;https://alkila.me/wp-content/uploads/2025/04/000346.jpg;
Microondas 20Lts;MAQUINARIA;https://alkila.me/wp-content/uploads/2025/04/000347.jpg;
Mini Congelador 33L;MAQUINARIA;https://alkila.me/wp-content/uploads/2025/04/000348.jpg;
Mini Frigorifico 102L;MAQUINARIA;https://alkila.me/wp-content/uploads/2024/10/000349.jpg;
Robot amasador (Kitchenaid);MAQUINARIA;https://alkila.me/wp-content/uploads/2024/10/000350.jpg;
Olla Recta sin Tapa de 24 Cm 10.5L;MAQUINARIA;https://alkila.me/wp-content/uploads/2025/04/000637.jpg;
Olla y contenedor calentador para caldos 9 litros;MAQUINARIA;https://alkila.me/wp-content/uploads/2025/04/000351.png;
Paellera de 26 cm diametro 2 asas;MAQUINARIA;https://alkila.me/wp-content/uploads/2025/04/000353.jpg;
Paellera de 40 cm diametro 2 asas;MAQUINARIA;https://alkila.me/wp-content/uploads/2025/04/000354.jpg;
Paellera de 60 cm diametro 2 asas;MAQUINARIA;https://alkila.me/wp-content/uploads/2025/04/000354.jpg;
Paellera de 80 cm diametro 2 asas;MAQUINARIA;https://alkila.me/wp-content/uploads/2025/04/000355.jpg;
Paellera de 90 cm diametro 4 asas;MAQUINARIA;https://alkila.me/wp-content/uploads/2025/04/000356.jpg;
Placa inducción profesional 3500w;MAQUINARIA;https://alkila.me/wp-content/uploads/2025/04/000357.jpg;
Plancha Electrica PE-60 600x430x260;MAQUINARIA;https://alkila.me/wp-content/uploads/2025/04/000358.jpg;
Plancha eléctrica sobremesa 1000 HR 800x480x250 mm potencia 15;MAQUINARIA;https://alkila.me/wp-content/uploads/2025/04/000359.jpg;
Quemador Paellero;MAQUINARIA;https://alkila.me/wp-content/uploads/2024/10/000360.jpg;
Sifón Crema 1.0 Lts Inox+Cab. Aluminio;MAQUINARIA;4;
Carga Sifon;MAQUINARIA;4;
Termo eléctrico circular 8 litros Kla;MAQUINARIA;https://alkila.me/wp-content/uploads/2025/04/000361.jpg;
Termo eléctrico circular 6 Litros TL;MAQUINARIA;https://alkila.me/wp-content/uploads/2025/04/000362.jpg;
Termo eléctrico circular 10 Litros TL;MAQUINARIA;https://alkila.me/wp-content/uploads/2025/04/000363.png;
Tostadora 2 alturas;MAQUINARIA;https://alkila.me/wp-content/uploads/2025/04/000364.jpg;
Tripode regulable para paellerero;MAQUINARIA;https://alkila.me/wp-content/uploads/2025/04/000365.jpg;
Bancos de Madera 200 x 45 x 45 Cm;MOBILIARIO;https://alkila.me/wp-content/uploads/2024/10/000366.jpg;
Bancos de palet tipo chillout azul 119 x 70 x 94 cm;MOBILIARIO;https://alkila.me/wp-content/uploads/2025/04/000367.jpg;
Bancos de palet tipo chillout blanco 119 x 70 x 94 cm;MOBILIARIO;https://alkila.me/wp-content/uploads/2024/10/000368.jpg;
Bancos de palet tipo chillout negro 119 x 70 x 94 cm;MOBILIARIO;https://alkila.me/wp-content/uploads/2025/04/00069-1.jpg;
Barra bar con capitoné delantero;MOBILIARIO;https://alkila.me/wp-content/uploads/2024/10/000370-scaled.jpg;
Barras bar tipo palet artesanal 120 x 80 x 102 cm;MOBILIARIO;https://alkila.me/wp-content/uploads/2024/10/000371.jpg;
Barra Led para disco 150 x 110 80 cm;MOBILIARIO;https://alkila.me/wp-content/uploads/2024/10/000372.jpg;
Barra Led Bancone Zanzibar;MOBILIARIO;https://alkila.me/wp-content/uploads/2024/10/000373.jpg;
Biombo forja negro 180 x 120 cm;MOBILIARIO;https://alkila.me/wp-content/uploads/2024/10/23074.jpg;
Biombo forja negro 0.5 x 1.82;MOBILIARIO;https://alkila.me/wp-content/uploads/2024/10/23079-scaled.jpg;
Perchero portatil;MOBILIARIO;https://alkila.me/wp-content/uploads/2025/04/000374.jpg;
Perchero portatil Rústico;MOBILIARIO;https://alkila.me/wp-content/uploads/2025/04/000375.jpg;
Caballete Madera 50 x 25 mm (Borriqueta);MOBILIARIO;https://alkila.me/wp-content/uploads/2024/10/23034-scaled.jpg;
Caja Térmica para transporte de comida 60 x 40 x 30 cm.;MOBILIARIO;https://alkila.me/wp-content/uploads/2024/10/000377.jpg;
Cajón cerrado sin asas paredes y fondo liso Gris 40x30x17 cm.;MOBILIARIO;https://alkila.me/wp-content/uploads/2024/10/000378.png;
Cajón cerrado sin asas paredes y fondo liso Gris 40x30x22 cm.;MOBILIARIO;https://alkila.me/wp-content/uploads/2025/04/000379.jpg;
Cajón cerrado sin asas paredes y fondo liso gris 40x30x32 cm.;MOBILIARIO;https://alkila.me/wp-content/uploads/2025/04/000380.png;
Cajón paredes y fondo liso con asas 60x40x17 cm.;MOBILIARIO;https://alkila.me/wp-content/uploads/2025/04/000381.jpg;
Cajón paredes y fondo liso con asas 60x40x32 cm.;MOBILIARIO;https://alkila.me/wp-content/uploads/2025/04/000382.jpg;
Cajón paredes y fondo liso con asas 60x40x41 cm.;MOBILIARIO;https://alkila.me/wp-content/uploads/2025/04/000383.jpg;
Cambró Térmico 63 x 46 x 63 cm.;MOBILIARIO;https://alkila.me/wp-content/uploads/2025/04/000384.jpg;
Carpa plegable 4x4 negra premium con paredes;MOBILIARIO;4;
Carro bandejero 14 GN 1/1 380 x 580 x 1735;MOBILIARIO;https://alkila.me/wp-content/uploads/2025/04/000386.jpg;
Carro bandejero 14 GN 1/1 590 x 670 x 1735;MOBILIARIO;https://alkila.me/wp-content/uploads/2025/04/000387.jpg;
Carro bandejero 17 GN 1/1 380 x 580 x 1735;MOBILIARIO;https://alkila.me/wp-content/uploads/2025/04/000388.jpg;
Carro bandejero 17 GN 2/1 590 x 670 x 1735;MOBILIARIO;https://alkila.me/wp-content/uploads/2025/04/000389.jpg;
Carro platero en altura 100 uds Arbol;MOBILIARIO;https://alkila.me/wp-content/uploads/2025/04/000390-scaled.jpg;
Carro Servicio 3 bandejas;MOBILIARIO;https://alkila.me/wp-content/uploads/2024/10/000391.jpg;
Cestas de 9 huecos Base + 5 Alturas;MOBILIARIO;4;
Cestas de 16 huecos Base;MOBILIARIO;4;
Cestas de 16 huecos Base + 1 Altura;MOBILIARIO;4;
Cestas de 16 huecos Base + 2 Alturas;MOBILIARIO;4;
Cestas de 16 huecos Base + 3 Alturas;MOBILIARIO;4;
Cestas de 16 huecos Base + 4 Alturas;MOBILIARIO;4;
Cestas de 16 huecos Base + 5 Alturas;MOBILIARIO;4;
Cestas de 20 huecos Base + 4 Alturas;MOBILIARIO;4;
Cestas de 20 huecos Base + 5 Alturas;MOBILIARIO;4;
Cestas de 25 huecos Base;MOBILIARIO;4;
Cestas de 25 huecos Base + 1 Altura;MOBILIARIO;4;
Cestas de 25 huecos Base + 2 Alturas;MOBILIARIO;4;
Cestas de 25 huecos Base +3 Alturas;MOBILIARIO;4;
Cestas de 25 huecos Base + 4 Alturas;MOBILIARIO;4;
Cestas de 36 huecos Base;MOBILIARIO;4;
Cestas de 36 huecos Base + 1 Altura;MOBILIARIO;4;
Cestas de 36 huecos Base + 2 Alturas;MOBILIARIO;4;
Cestas de 36 huecos Base +3 Alturas;MOBILIARIO;4;
Cestas de 36 huecos Base + 4 Alturas;MOBILIARIO;4;
Cestas de 36 huecos Base +5 Alturas;MOBILIARIO;4;
Cestas de 49 huecos Base;MOBILIARIO;4;
Cestas de 49 huecos Base + 1 Alturas;MOBILIARIO;4;
Cestas de 49 huecos Base + 2 Alturas;MOBILIARIO;4;
Cestas de 49 huecos Base + 3 Alturas;MOBILIARIO;4;
Cestas de 49 huecos Base + 4 Alturas;MOBILIARIO;4;
Cestas de 49 huecos Base +5 Alturas;MOBILIARIO;4;
Conjunto de Jardin Java (sofa + 2 sillones + mesa);MOBILIARIO;https://alkila.me/wp-content/uploads/2025/06/IMG_5538-scaled.jpg;
Conjunto de Jardín Mónaco (sofá + 2 sillones);MOBILIARIO;https://alkila.me/wp-content/uploads/2025/06/IMG_5638-2-scaled.jpg;
Conjunto de Jardin Sáhara (sofa + 2 sillones + mesa);MOBILIARIO;https://alkila.me/wp-content/uploads/2025/06/IMG_5555-scaled.jpg;
Cojines Saco Chill out;MOBILIARIO;https://alkila.me/wp-content/uploads/2024/10/22019.jpg;
Chill out colchoneta y respaldo de rulo blanco;MOBILIARIO;https://alkila.me/wp-content/uploads/2024/10/23022-scaled.jpg;
Chill out con respaldo alto y base madera;MOBILIARIO;https://alkila.me/wp-content/uploads/2024/10/23023-scaled.jpg;
Mesa coctel alta redonda catering 80x110 cm;MOBILIARIO;https://alkila.me/wp-content/uploads/2025/04/000407.jpg;
Mesa coctel de tablero de madera antigua;MOBILIARIO;https://alkila.me/wp-content/uploads/2025/04/000408.jpg;
Mesa coctel alta redonda modelo Aranjuez;MOBILIARIO;https://alkila.me/wp-content/uploads/2025/04/000409.jpg;
Mesa coctel baja redonda modelo Aranjuez;MOBILIARIO;https://alkila.me/wp-content/uploads/2025/04/000410.jpg;
Mesa coctel alta modelo marbella hierro fundido altura 110 cm;MOBILIARIO;https://alkila.me/wp-content/uploads/2025/04/000411.jpg;
Mesa cóctel alta forja 4 patas tablero pino 70 x 70 cm;MOBILIARIO;https://alkila.me/wp-content/uploads/2024/10/000412.jpg;
Mesa cuadrada aluminio tipo terraza 70x70;MOBILIARIO;https://alkila.me/wp-content/uploads/2024/10/000413.jpg;
Mesa cuadrada Yago 90x90 cm.;MOBILIARIO;https://alkila.me/wp-content/uploads/2025/04/000414.jpg;
Mesa rectangular Strauss 120x60 cm.;MOBILIARIO;https://alkila.me/wp-content/uploads/2025/04/000415.jpg;
Mesa rectangular XL 150 154x76 cm;MOBILIARIO;https://alkila.me/wp-content/uploads/2025/04/000416.jpg;
Mesa rectangular Catering 180x78 cm;MOBILIARIO;https://alkila.me/wp-content/uploads/2025/04/000417.png;
Tablero Aglomerado 200x120;MOBILIARIO;4;
Mesa rectangular worktop ajustable en altura 180x78;MOBILIARIO;https://alkila.me/wp-content/uploads/2025/04/000419.jpg;
Mesa rectangular 186 x 46 cm;MOBILIARIO;https://alkila.me/wp-content/uploads/2025/04/000420.jpg;
Mesa rectangular Vivaldi 200x90 cm;MOBILIARIO;https://alkila.me/wp-content/uploads/2025/04/000421.jpg;
Mesa madera rústica 200x120 cm;MOBILIARIO;https://alkila.me/wp-content/uploads/2024/10/000422.jpg;
Mesa redonda Rosini 120 cm;MOBILIARIO;https://alkila.me/wp-content/uploads/2025/04/000423.jpg;
Mesa redonda Planet 150 cm;MOBILIARIO;https://alkila.me/wp-content/uploads/2025/04/000424.jpg;
Mesa redonda Planet 160 cm;MOBILIARIO;https://alkila.me/wp-content/uploads/2025/04/000425.jpg;
Mesa redonda Beethoven 180 cm;MOBILIARIO;https://alkila.me/wp-content/uploads/2024/10/000426.jpg;
Mesa redonda Mozart 200 cm;MOBILIARIO;https://alkila.me/wp-content/uploads/2025/04/000427.jpg;
Mesa palet tipo chillout blanca 120x80 cm;MOBILIARIO;https://alkila.me/wp-content/uploads/2024/10/000428.jpg;
Mesa tipo bobina madera color blanca (Sin Ruedas);MOBILIARIO;https://alkila.me/wp-content/uploads/2024/10/000429.jpg;
Mesa tipo bobina madera color madera Con Ruedas;MOBILIARIO;https://alkila.me/wp-content/uploads/2024/10/000430.jpg;
Mesa tipo bobina madera color madera Sin Ruedas;MOBILIARIO;https://alkila.me/wp-content/uploads/2024/10/000431.jpg;
Mostrador madera plegable blanco;MOBILIARIO;https://alkila.me/wp-content/uploads/2024/10/000432.jpg;
Mostrador madera plegable nogal;MOBILIARIO;https://alkila.me/wp-content/uploads/2025/04/000433.jpg;
Mostrador madera plegable espiga negro;MOBILIARIO;https://alkila.me/wp-content/uploads/2025/04/000434.jpg;
Silla americana plegable blanca;MOBILIARIO;https://alkila.me/wp-content/uploads/2024/10/7c748ab1-7533-4260-9d8f-59799e754b2a.jpg;
Silla americana plegable negra;MOBILIARIO;https://alkila.me/wp-content/uploads/2025/06/Diseno-sin-titulo-8.jpg;
Silla Cross back madera;MOBILIARIO;https://alkila.me/wp-content/uploads/2024/10/IMG_5584.jpg;
Silla Cross back decapada blanca;MOBILIARIO;https://alkila.me/wp-content/uploads/2024/10/IMG_5592.jpg;
Silla cruz apilable bambú blau blanco;MOBILIARIO;https://alkila.me/wp-content/uploads/2024/10/000438.jpg;
Silla Cruz Apilable color madera;MOBILIARIO;https://alkila.me/wp-content/uploads/2024/10/000439.jpg;
Silla forja dorada con cojín;MOBILIARIO;https://alkila.me/wp-content/uploads/2024/10/IMG_5567-scaled.jpg;
Silla forja negra con cojin;MOBILIARIO;https://alkila.me/wp-content/uploads/2024/10/IMG_5562.jpg;
Silla Norman Chair plegable;MOBILIARIO;https://alkila.me/wp-content/uploads/2024/10/000442.jpg;
Silla plegable forja vintage color blanco;MOBILIARIO;https://alkila.me/wp-content/uploads/2024/10/IMG_5581-1-scaled.jpg;
Silla Queen;MOBILIARIO;https://alkila.me/wp-content/uploads/2024/10/000444.jpg;
Silla Tiffany blanca;MOBILIARIO;https://alkila.me/wp-content/uploads/2024/10/IMG_5619-1-scaled.jpg;
Silla Tiffany negra;MOBILIARIO;https://alkila.me/wp-content/uploads/2024/10/IMG_5614-scaled.jpg;
Silla Tiffany dorada;MOBILIARIO;https://alkila.me/wp-content/uploads/2024/10/IMG_5623.jpg;
Silla Tiffany transparente;MOBILIARIO;https://alkila.me/wp-content/uploads/2025/06/IMG_5627.jpg;
Silla tolix vintage;MOBILIARIO;https://alkila.me/wp-content/uploads/2024/10/000448.jpg;
Sofá Chester;MOBILIARIO;4;
Tablero Rústico de 200 x 120;MOBILIARIO;https://alkila.me/wp-content/uploads/2024/10/000449.jpg;
Taburete Forja y pino;MOBILIARIO;https://alkila.me/wp-content/uploads/2025/04/000450.jpg;
Taburete Niza T gris;MOBILIARIO;https://alkila.me/wp-content/uploads/2025/04/000451.jpg;
Taburete tolix azul turquesa;MOBILIARIO;https://alkila.me/wp-content/uploads/2024/10/000452.jpg;
Taburete tolix blanco;MOBILIARIO;https://alkila.me/wp-content/uploads/2024/10/000453.jpg;
Taburete tolix dorado metalizado;MOBILIARIO;https://alkila.me/wp-content/uploads/2024/10/000454.jpg;
Taburete tolix negro;MOBILIARIO;https://alkila.me/wp-content/uploads/2024/10/000455.jpg;
Trona;MOBILIARIO;https://alkila.me/wp-content/uploads/2025/04/000456.jpg;
Cojin (sin funda);MOBILIARIO;4;
Cojin Marfil;MOBILIARIO;4;
Cojin Gris;MOBILIARIO;4;
Camino de mesa negro 324 x 39 cm;MANTELERIA;https://alkila.me/wp-content/uploads/2025/04/000511.jpg;
Camino de mesa vichy rojo 50 x 180;MANTELERIA;https://alkila.me/wp-content/uploads/2024/10/000512-scaled.jpg;
Lito negro 50x50cm;MANTELERIA;https://alkila.me/wp-content/uploads/2024/10/000513.jpg;
Mantel blanco 240x240 cm (para mesa de 90x90) etiq. Azul;MANTELERIA;https://alkila.me/wp-content/uploads/2025/04/000514.jpg;
Mantel blanco 270x210 cm (para mesa de 120x60) etiq. rosa/marron;MANTELERIA;https://alkila.me/wp-content/uploads/2025/04/000515.jpg;
Mantel blanco 330x230 cm (para mesa de 180x80) etiq. Negra;MANTELERIA;https://alkila.me/wp-content/uploads/2025/04/000516.jpg;
Mantel blanco 360x360 cm Etiq. Naranja;MANTELERIA;https://alkila.me/wp-content/uploads/2025/04/IMG_5729-scaled.jpg;
Mantel negro 330x230 cm (para mesa de 180x80) etiq. Negra;MANTELERIA;https://alkila.me/wp-content/uploads/2024/10/000518.jpg;
Mantel negro 380x280 cm (para mesa de 180 x 80 ajustable) Etiq. N;MANTELERIA;https://alkila.me/wp-content/uploads/2025/04/000519.jpg;
Mantel negro 340x230 cm (para mesa de 180x80 cm )etiq. marron;MANTELERIA;https://alkila.me/wp-content/uploads/2025/04/000520.jpg;
Mantel negro 360x360 cm (para todo tipo de mesa) etiq. carmen;MANTELERIA;https://alkila.me/wp-content/uploads/2024/10/000466.jpg;
Mantel negro hilo 360x360 cm (para todo tipo de mesa) etiq. Roja;MANTELERIA;https://alkila.me/wp-content/uploads/2024/10/000522.jpg;
Mantel negro 340 cm diámetro (para mesa redonda de 180) etiq. ama;MANTELERIA;https://alkila.me/wp-content/uploads/2024/10/000523.jpg;
Mantel crudo 340 cm diámetro (para mesa de 180) etiq. Negra;MANTELERIA;4;
Mantel crudo 340 cm diámetro (para mesa de 180) etiq. Azul;MANTELERIA;4;
Mantel crudo 350 cm diámetro (para mesa redonda de 200) etiq. Roja;MANTELERIA;4;
Cubre mantel blanco 210x210 cm (para mesa de 180);MANTELERIA;https://alkila.me/wp-content/uploads/2025/04/000527.jpg;
Mantel bicolor rayado 340 cm mesa redonda 180 cm;MANTELERIA;https://alkila.me/wp-content/uploads/2024/10/000528.jpg;
Mantel bicolor rayado 270x210 cm (para mesa de 120x60);MANTELERIA;4;
Mantel tela de saco 360x360;MANTELERIA;4;
Mantel tela de saco 340 cm diámetro;MANTELERIA;https://alkila.me/wp-content/uploads/2024/10/IMG_5719-scaled.jpg;
Mantel Liso Camel 360x360 cm Etiq. Naranja;MANTELERIA;https://alkila.me/wp-content/uploads/2025/04/IMG_5748.jpg;
Mantel Valentin liso 360x360 cm etiq. Naranja;MANTELERIA;https://alkila.me/wp-content/uploads/2024/10/IMG_5740-scaled.jpg;
Mantel Valentín 360x360 cm etiq. Naranja;MANTELERIA;https://alkila.me/wp-content/uploads/2024/10/IMG_5759.jpg;
Muleton para mesa redonda 180 cm;MANTELERIA;4;
Muletón para mesa redonda 200 cm;MANTELERIA;4;
Muletón para mesa rectangular 200 cm;MANTELERIA;4;
Servilleta 50x50 blanco lino;MANTELERIA;https://alkila.me/wp-content/uploads/2025/07/IMG_5662-scaled.jpg;
Servilleta 55x55 blanco lino;MANTELERIA;https://alkila.me/wp-content/uploads/2025/07/IMG_5662-scaled.jpg;
Licra negra para velador coctel;MANTELERIA;https://alkila.me/wp-content/uploads/2025/04/000540.jpg;
Funda de silla para modelo Norman Blanca;MANTELERIA;4;
Funda de silla para modelo Norman negra;MANTELERIA;https://alkila.me/wp-content/uploads/2025/04/000542.jpg;
Mantelería Lisa 360x360 Varios Colores;MANTELERIA;4;
*Mantelería Estampada 360x360 Varios estampados;MANTELERIA;4;
*Servilleta Color (Varios Colores);MANTELERIA;https://alkila.me/wp-content/uploads/2024/10/IMG_5422-scaled.jpg;
*Servilleta Estampada (Varios Estampados);MANTELERIA;https://alkila.me/wp-content/uploads/2024/10/IMG_5422-scaled.jpg;
Bandeja camarero antideslizante 40 cm.;COMPLEMENTOS;https://alkila.me/wp-content/uploads/2024/10/Bandeja-de-camarero.jpg;
Bandeja camarero Inox 40 cm.;COMPLEMENTOS;https://alkila.me/wp-content/uploads/2024/10/000544.jpg;
Bandeja fibreglas antideslizantes oval 56 x 68 cm;COMPLEMENTOS;https://alkila.me/wp-content/uploads/2024/10/000545.jpg;
Bandeja Inox GN1/1 2 cm altura;COMPLEMENTOS;https://alkila.me/wp-content/uploads/2025/04/000546.jpg;
Bandeja Inox GN1/1 4 cm altura;COMPLEMENTOS;https://alkila.me/wp-content/uploads/2025/04/000547.jpg;
Bandeja Inox GN1/1 6 cm altura;COMPLEMENTOS;https://alkila.me/wp-content/uploads/2025/04/000548.jpg;
Bandeja Inox GN1/1 10 cm altura;COMPLEMENTOS;https://alkila.me/wp-content/uploads/2025/04/000549.jpg;
Bandeja Inox GN1/2 6.5 cm altura;COMPLEMENTOS;https://alkila.me/wp-content/uploads/2025/04/000550.jpg;
Bandeja Inox GN1/2 15 cm altura;COMPLEMENTOS;https://alkila.me/wp-content/uploads/2025/04/000551.jpg;
Barreño enfriabotellas acrilico 13 lts.;COMPLEMENTOS;https://alkila.me/wp-content/uploads/2025/04/IMG_3915-scaled.jpg;
Barreño enfriabotellas inox liso 43x30x20;COMPLEMENTOS;https://alkila.me/wp-content/uploads/2024/10/IMG_3972-scaled.jpg;
Barreño enfriabotellas Galvanizado Cobre;COMPLEMENTOS;https://alkila.me/wp-content/uploads/2024/10/IMG_3931-scaled.jpg;
Barreño enfriabotellas Galvanizado Negro;COMPLEMENTOS;https://alkila.me/wp-content/uploads/2024/10/IMG_3890-scaled.jpg;
Batidor Fibreglass 25 cm;COMPLEMENTOS;https://alkila.me/wp-content/uploads/2025/04/000556.jpg;
Cacerola acero Inoxidable 40 cm;COMPLEMENTOS;https://alkila.me/wp-content/uploads/2025/04/000557.jpg;
Carretilla;COMPLEMENTOS;4;
Caja Registradora Olivetti ECR7700LD EC;COMPLEMENTOS;https://alkila.me/wp-content/uploads/2025/04/000558.jpg;
Cenicero agua loza 11 cm.;COMPLEMENTOS;https://alkila.me/wp-content/uploads/2024/10/000559.jpg;
Chino Dosificador;COMPLEMENTOS;https://alkila.me/wp-content/uploads/2025/04/000560.jpg;
Coctelera Cobre 50 cl.;COMPLEMENTOS;https://alkila.me/wp-content/uploads/2024/10/IMG_4011-scaled.jpg;
Colador Doble malla 20 cm;COMPLEMENTOS;https://alkila.me/wp-content/uploads/2025/04/000562.jpg;
Columna móvil dorada 94 cm.;COMPLEMENTOS;https://alkila.me/wp-content/uploads/2025/04/000563.jpg;
Cordon negro/oro p/columna móvil;COMPLEMENTOS;https://alkila.me/wp-content/uploads/2025/04/000564.jpg;
Cuadro Multienchufes trifasico General 1;COMPLEMENTOS;https://alkila.me/wp-content/uploads/2025/04/000565-scaled.jpg;
Cuadro Multienchufes trifasico 2;COMPLEMENTOS;https://alkila.me/wp-content/uploads/2025/04/000566-scaled.jpg;
Cubito Acero Inox 490 ml 10.20 cm;COMPLEMENTOS;https://alkila.me/wp-content/uploads/2024/10/IMG_4034-scaled.jpg;
Cubitera Aluminio Cobre 7L;COMPLEMENTOS;https://alkila.me/wp-content/uploads/2024/10/IMG_3967-scaled.jpg;
Cubitera Aluminio Negra 7L;COMPLEMENTOS;https://alkila.me/wp-content/uploads/2024/10/IMG_3960-1-scaled.jpg;
Cubo champan INOX 20 cm;COMPLEMENTOS;https://alkila.me/wp-content/uploads/2024/10/IMG_3970-scaled.jpg;
Cubo champan oval inox 30 cm.;COMPLEMENTOS;https://alkila.me/wp-content/uploads/2025/04/000571.jpg;
Cuenco champán uno liso inox 29 cm.;COMPLEMENTOS;https://alkila.me/wp-content/uploads/2025/04/IMG_3947-scaled.jpg;
Cubo industrial 50 lt. Negro;COMPLEMENTOS;https://alkila.me/wp-content/uploads/2025/04/000573.jpg;
Cubo industrial 95 lt. Negro;COMPLEMENTOS;https://alkila.me/wp-content/uploads/2025/04/000574.jpg;
Cubo industrial 95 lt. Blanco;COMPLEMENTOS;https://alkila.me/wp-content/uploads/2025/04/000575.jpg;
Cubo industrial 120 lt. c/pedal;COMPLEMENTOS;4;
cuchillo cocina 20 cm;COMPLEMENTOS;https://alkila.me/wp-content/uploads/2025/04/000577.jpg;
Cuchillo pan 22.5 cm;COMPLEMENTOS;https://alkila.me/wp-content/uploads/2025/04/000578.jpg;
"Cuchillo puntilla 4"""" 10.5 cm";COMPLEMENTOS;4;
Dispensador bebidas barril cristal 8.7 L 27.5 x 27.3 x 41 cm;COMPLEMENTOS;https://alkila.me/wp-content/uploads/2025/04/000580-scaled.jpg;
Escupidera para catas 1.5 litros Poliestileno negro;COMPLEMENTOS;https://alkila.me/wp-content/uploads/2025/04/IMG_3896-scaled.jpg;
Espátula recta 4-10 cm;COMPLEMENTOS;https://alkila.me/wp-content/uploads/2025/04/000582.jpg;
Espatula silicona 25 Cm;COMPLEMENTOS;4;
Espumadera U.P.Inox 10 cm;COMPLEMENTOS;https://alkila.me/wp-content/uploads/2025/04/000583.jpg;
Espumadera U.P. 12 Cm;COMPLEMENTOS;4;
Expositor Buffet. 3 Cm;COMPLEMENTOS;https://alkila.me/wp-content/uploads/2025/04/000188.jpg;
Expositor Buffet 6 Cm;COMPLEMENTOS;https://alkila.me/wp-content/uploads/2025/06/IMG_3631-Mediano.jpg;
Expositor Buffet 9 Cm;COMPLEMENTOS;https://alkila.me/wp-content/uploads/2025/06/IMG_3631-grande.jpg;
Fuente oval 20 cm. inox;COMPLEMENTOS;4;
Isotermo polietileno 44.4 litros con grifo;COMPLEMENTOS;https://alkila.me/wp-content/uploads/2025/04/000585.jpg;
Isotermo polietileno 18 litros con grifo;COMPLEMENTOS;https://alkila.me/wp-content/uploads/2025/04/000586-scaled.jpg;
Isotermo polietileno 9.4 litros con grifo;COMPLEMENTOS;https://alkila.me/wp-content/uploads/2025/04/000587-scaled.jpg;
Isotermo polietileno 5 litros con grifo;COMPLEMENTOS;https://alkila.me/wp-content/uploads/2024/10/000588-scaled.jpg;
Jarra para servir con asa 1 1.;COMPLEMENTOS;https://alkila.me/wp-content/uploads/2025/04/IMG_3776-scaled.jpg;
Jarra Termo Grey 1.5L;COMPLEMENTOS;https://alkila.me/wp-content/uploads/2024/10/IMG_3781-2-Edit-2.jpg;
Jarra Termo White 1.5L.;COMPLEMENTOS;https://alkila.me/wp-content/uploads/2024/10/IMG_3781-Edit-2.jpg;
Lechera porcelana 22 cl 10.5 x 10 cm;COMPLEMENTOS;https://alkila.me/wp-content/uploads/2025/04/IMG_3787-scaled.jpg;
Mesa Jamonero 90 x 60 x 50 cm;COMPLEMENTOS;https://alkila.me/wp-content/uploads/2024/10/000593.jpg;
"Mesero para Número ""Banquete"" 30 cm";COMPLEMENTOS;https://alkila.me/wp-content/uploads/2025/04/000188.jpg;
Panera Paper Bag Large Plus Avana 38x38 cm tostado;COMPLEMENTOS;https://alkila.me/wp-content/uploads/2024/10/IMG_3976-scaled.jpg;
Panera Paper Bag Large Mini Avana tostado;COMPLEMENTOS;https://alkila.me/wp-content/uploads/2025/04/IMG_3979.jpg;
Papelera cerámica 10 x 10 cm.;COMPLEMENTOS;https://alkila.me/wp-content/uploads/2025/04/IMG_4035-1-scaled.jpg;
Percha madera (con taco números);COMPLEMENTOS;https://alkila.me/wp-content/uploads/2025/04/000597.jpg;
Pie porta cubos champán oval inox;COMPLEMENTOS;https://alkila.me/wp-content/uploads/2025/04/000598.jpg;
Pie porta cuenco champån uno liso;COMPLEMENTOS;https://alkila.me/wp-content/uploads/2025/04/000599.jpg;
Pimentero cerámica blanco 9 x 3.8 cm;COMPLEMENTOS;https://alkila.me/wp-content/uploads/2025/04/IMG_3760-1-scaled.jpg;
Poste Separador Black;COMPLEMENTOS;https://alkila.me/wp-content/uploads/2025/04/000601.jpg;
Recogemigas espatula;COMPLEMENTOS;https://alkila.me/wp-content/uploads/2025/04/000602.jpg;
Rejilla GN 2/1 65 x 53 cm.;COMPLEMENTOS;https://alkila.me/wp-content/uploads/2025/04/000605.jpg;
Rejilla GN 1/1 53 x 32.5 cm;COMPLEMENTOS;https://alkila.me/wp-content/uploads/2025/04/000604.jpg;
Rejilla GN 2/1 65 x 53 cm. Carro Refrigerado;COMPLEMENTOS;https://alkila.me/wp-content/uploads/2025/04/MQ35-Rejilla-GN-2-1-65-x-53-cm.jpg;
Salero cerámica blanco 9 x 3.8 cl;COMPLEMENTOS;https://alkila.me/wp-content/uploads/2025/04/IMG_3758.jpg;
Sarten Expert 22 cm Alum 4 mm.;COMPLEMENTOS;https://alkila.me/wp-content/uploads/2025/04/000607.png;
Sarten Expert 24 cm Alum 4 mm.;COMPLEMENTOS;https://alkila.me/wp-content/uploads/2025/04/000608.png;
Servilletero metacrilato 20 x 20 cm;COMPLEMENTOS;https://alkila.me/wp-content/uploads/2024/10/000609.jpg;
Sombrilla con pie 2 x 2 (pie centrado);COMPLEMENTOS;https://alkila.me/wp-content/uploads/2024/10/000610.jpg;
Sombrilla excentrica 3.5 m diámetro (llevar manivelas);COMPLEMENTOS;https://alkila.me/wp-content/uploads/2024/10/000611.jpg;
Tabla de Servir madera Acacia 49x12;COMPLEMENTOS;https://alkila.me/wp-content/uploads/2025/06/IMG_3897-scaled.jpg;
Tabla polietileno 30 x 20 x 2 cm rojo;COMPLEMENTOS;https://alkila.me/wp-content/uploads/2025/04/000612.jpg;
Taza cobre martillado barril 55 cl.;COMPLEMENTOS;https://alkila.me/wp-content/uploads/2025/04/IMG_4009-scaled.jpg;
Termo Servidor 1 lt.;COMPLEMENTOS;https://alkila.me/wp-content/uploads/2025/04/IMG_3784-scaled.jpg;
Termo Servidor 1.5 lt.;COMPLEMENTOS;https://alkila.me/wp-content/uploads/2025/04/IMG_3783-scaled.jpg;
Termo Servidor inox luxe 1.51;COMPLEMENTOS;https://alkila.me/wp-content/uploads/2025/04/IMG_3773-scaled.jpg;
Tetera de peltre roja 0.45 L.;COMPLEMENTOS;https://alkila.me/wp-content/uploads/2025/04/IMG_3775.jpg;
Tijera soporte bandeja madera 21;COMPLEMENTOS;https://alkila.me/wp-content/uploads/2025/04/000618.jpg;
Atril metalico dorado;CARRITOS PUESTOS & COMPLEMENTOS;https://alkila.me/wp-content/uploads/2024/10/23069.jpg;
Barra de bebidas de madera.;CARRITOS PUESTOS & COMPLEMENTOS;https://alkila.me/wp-content/uploads/2024/10/23021-scaled.jpg;
Caballete de pintor;CARRITOS PUESTOS & COMPLEMENTOS;https://alkila.me/wp-content/uploads/2024/10/23036.jpg;
Caja madera vintage 50 x 30 x 35 cm.;CARRITOS PUESTOS & COMPLEMENTOS;https://alkila.me/wp-content/uploads/2025/06/14030.-72-und.-315x49-pro-35.jpg;
Carrito de madera (diferentes medidas);CARRITOS PUESTOS & COMPLEMENTOS;https://alkila.me/wp-content/uploads/2024/10/23612.jpg;
Carro de madera con techo;CARRITOS PUESTOS & COMPLEMENTOS;https://alkila.me/wp-content/uploads/2025/04/23619-scaled.jpg;
Carro de metal y madera blanco decapado;CARRITOS PUESTOS & COMPLEMENTOS;https://alkila.me/wp-content/uploads/2024/10/23617-scaled.jpg;
Carro acero y madera tipo camilla;CARRITOS PUESTOS & COMPLEMENTOS;https://alkila.me/wp-content/uploads/2025/04/23621-scaled.jpg;
Carro blanco con 2 ruedas;CARRITOS PUESTOS & COMPLEMENTOS;https://alkila.me/wp-content/uploads/2025/04/23623-scaled.jpg;
Carrito Limonada;CARRITOS PUESTOS & COMPLEMENTOS;https://alkila.me/wp-content/uploads/2025/04/23625.jpg;
Carro Vintage - Velocar-;CARRITOS PUESTOS & COMPLEMENTOS;https://alkila.me/wp-content/uploads/2025/04/23626.jpg;
Carro de madera y forja con bici y techo;CARRITOS PUESTOS & COMPLEMENTOS;https://alkila.me/wp-content/uploads/2024/10/23600-scaled.jpg;
Escalera decoración con 3 baldas.;CARRITOS PUESTOS & COMPLEMENTOS;https://alkila.me/wp-content/uploads/2024/10/23613-scaled.jpg;
Escalera madera 2 peldaños (blanco);CARRITOS PUESTOS & COMPLEMENTOS;https://alkila.me/wp-content/uploads/2024/10/23003.jpg;
Escalera madera en color blanco expositor;CARRITOS PUESTOS & COMPLEMENTOS;https://alkila.me/wp-content/uploads/2024/10/23606-scaled.jpg;
Expositor Donnuts Panel;CARRITOS PUESTOS & COMPLEMENTOS;https://alkila.me/wp-content/uploads/2025/04/9626.jpg;
Puesto de madera 3 pisos con pizarra 7 huecos;CARRITOS PUESTOS & COMPLEMENTOS;https://alkila.me/wp-content/uploads/2024/10/23610-scaled.jpg;
Puesto de madera 4 alturas 4 huecos con ruedas;CARRITOS PUESTOS & COMPLEMENTOS;https://alkila.me/wp-content/uploads/2024/10/23611-scaled.jpg;
Puesto cerveza madera (3 grifos);CARRITOS PUESTOS & COMPLEMENTOS;https://alkila.me/wp-content/uploads/2025/04/23618-scaled.jpg;
Puesto escalera blanca con ruedas y pizarra 5 huecos;CARRITOS PUESTOS & COMPLEMENTOS;https://alkila.me/wp-content/uploads/2024/10/23614-scaled.jpg;
Puesto estanteria madera blanca;CARRITOS PUESTOS & COMPLEMENTOS;https://alkila.me/wp-content/uploads/2024/10/23615-scaled.jpg;
Puesto de madera con tejado de tela;CARRITOS PUESTOS & COMPLEMENTOS;https://alkila.me/wp-content/uploads/2025/04/23620-scaled.jpg;
Puesto bambú con tejado;CARRITOS PUESTOS & COMPLEMENTOS;https://alkila.me/wp-content/uploads/2025/04/23620-scaled.jpg;
Puesto de Carpintero + Estructura y Lámparas (opcional);CARRITOS PUESTOS & COMPLEMENTOS;https://alkila.me/wp-content/uploads/2025/04/23624-scaled.jpg;
Pirámide de madera alta enrejada;CARRITOS PUESTOS & COMPLEMENTOS;https://alkila.me/wp-content/uploads/2024/10/23013.jpg;